{
    "categories": [{
        "id": "galeria",
        "name": "Galeria"
    }, {
        "id": "produto",
        "name": "Produto"
    }, {
        "id": "editorial",
        "name": "Editorial"
    }],
    "images": {
        "galeria": [{
            "legend": "fotografia de produto",
            "description": "Alfa Collection",
            "image": "img/gallery/img-1.jpg",
            "thumbnail": "img/gallery/img-1.jpg",
            "position": [0, 0]
        }, {
            "legend": "fotografia de produto",
            "description": "La Mér",
            "image": "img/gallery/img-6.jpg",
            "thumbnail": "img/gallery/img-6.jpg",
            "position": [0, 1]
        }, {
            "legend": "fotografia de produto",
            "description": "The Salty Circle",
            "image": "img/gallery/img-3.jpg",
            "thumbnail": "img/gallery/img-3.jpg",
            "position": [0, 2]
        }, {
            "legend": "fotografia de produto",
            "description": "Vintage for a Cause",
            "image": "img/gallery/img-2.jpg",
            "thumbnail": "img/gallery/img-2.jpg",
            "position": [0, 3]
        }, {
            "legend": "fotografia de produto",
            "description": "Favorite People",
            "image": "img/gallery/img-5.jpg",
            "thumbnail": "img/gallery/img-5.jpg",
            "position": [0, 4]
        }, {
            "legend": "fotografia de produto",
            "description": "Corkor",
            "image": "img/gallery/img-4.jpg",
            "thumbnail": "img/gallery/img-4.jpg",
            "position": [0, 5]
        }, {
            "legend": "fotografia de produto",
            "description": "Riopele",
            "image": "img/gallery/img-9.jpg",
            "thumbnail": "img/gallery/img-9.jpg",
            "position": [0, 6]
        }, {
            "legend": "fotografia de produto",
            "description": "Conscious",
            "image": "img/gallery/img-20.jpg",
            "thumbnail": "img/gallery/img-20.jpg",
            "position": [0, 7]
        }, {
            "legend": "fotografia de produto",
            "description": "Cubu Fitness Boutique",
            "image": "img/gallery/img-8.jpg",
            "thumbnail": "img/gallery/img-8.jpg",
            "position": [1, 0]
        }, {
            "legend": "fotografia de produto",
            "description": "Missus",
            "image": "img/gallery/img-33.jpg",
            "thumbnail": "img/gallery/img-33.jpg",
            "position": [1, 1]
        }, {
            "legend": "fotografia de produto",
            "description": "8000 Kicks",
            "image": "img/gallery/img-13.jpg",
            "thumbnail": "img/gallery/img-13.jpg",
            "position": [1, 2]
        }, {
            "legend": "fotografia de produto",
            "description": "Avelana",
            "image": "img/gallery/img-11.jpg",
            "thumbnail": "img/gallery/img-11.jpg",
            "position": [1, 3]
        }, {
            "legend": "fotografia de produto",
            "description": "Our Brand",
            "image": "img/gallery/img-32.jpg",
            "thumbnail": "img/gallery/img-32.jpg",
            "position": [1, 4]
        }, {
            "legend": "fotografia de produto",
            "description": "209 Mare",
            "image": "img/gallery/img-14.jpg",
            "thumbnail": "img/gallery/img-14.jpg",
            "position": [1, 5]
        }, {
            "legend": "fotografia de produto",
            "description": "Elsa Barreto",
            "image": "img/gallery/img-25.jpg",
            "thumbnail": "img/gallery/img-25.jpg",
            "position": [1, 6]
        }, {
            "legend": "fotografia de produto",
            "description": "WestMister",
            "image": "img/gallery/img-30.jpg",
            "thumbnail": "img/gallery/img-30.jpg",
            "position": [1, 7]
        }, {
            "legend": "fotografia de produto",
            "description": "Rust & May",
            "image": "img/gallery/img-29.jpg",
            "thumbnail": "img/gallery/img-29.jpg",
            "position": [2, 0]
        }, {
            "legend": "fotografia de produto",
            "description": "Finity",
            "image": "img/gallery/img-16.jpg",
            "thumbnail": "img/gallery/img-16.jpg",
            "position": [2, 1]
        }, {
            "legend": "fotografia de produto",
            "description": "Sienna",
            "image": "img/gallery/img-17.jpg",
            "thumbnail": "img/gallery/img-17.jpg",
            "position": [2, 2]
        }, {
            "legend": "fotografia de produto",
            "description": "Muhameme",
            "image": "img/gallery/img-18.jpg",
            "thumbnail": "img/gallery/img-18.jpg",
            "position": [2, 3]
        }, {
            "legend": "fotografia de produto",
            "description": "NAZ",
            "image": "img/gallery/img-10.jpg",
            "thumbnail": "img/gallery/img-10.jpg",
            "position": [2, 4]
        }, {
            "legend": "fotografia de produto",
            "description": "P&R",
            "image": "img/gallery/img-26.jpg",
            "thumbnail": "img/gallery/img-26.jpg",
            "position": [2, 5]
        }, {
            "legend": "fotografia de produto",
            "description": "Framilier",
            "image": "img/gallery/img-21.jpg",
            "thumbnail": "img/gallery/img-21.jpg",
            "position": [2, 6]
        }, {
            "legend": "fotografia de produto",
            "description": "Frambooesas",
            "image": "img/gallery/img-34.jpg",
            "thumbnail": "img/gallery/img-34.jpg",
            "position": [1, 8]
        }, {
            "legend": "fotografia de produto",
            "description": "Aryn Studio",
            "image": "img/gallery/img-7.jpg",
            "thumbnail": "img/gallery/img-7.jpg",
            "position": [2, 8]
        }, {
            "legend": "fotografia de produto",
            "description": "All Monkeys",
            "image": "img/gallery/img-15.jpg",
            "thumbnail": "img/gallery/img-15.jpg",
            "position": [0, 8]
        }, {
            "legend": "fotografia de produto",
            "description": "Benny Baby",
            "image": "img/gallery/img-19.jpg",
            "thumbnail": "img/gallery/img-19.jpg",
            "position": [2, 9]
        }],
        "produto": [],
        "editorial": []
    }
}